{
    "acl": [
        -0.4591052532196045,
        -0.09614193439483643,
        -0.2367589771747589,
        -0.5919924974441528,
        -0.577459990978241,
        0.07610668987035751,
        0.05250455439090729,
        0.41031861305236816,
        0.32636088132858276,
        0.1147807240486145
    ],
    "acl:relcl": [
        -0.4960510730743408,
        -0.20356710255146027,
        -0.23553916811943054,
        -0.4848082661628723,
        -0.7573456764221191,
        -0.005285215098410845,
        -0.010337994433939457,
        0.34960705041885376,
        0.16968142986297607,
        0.11442776024341583
    ],
    "advcl": [
        -0.47621846199035645,
        -0.21850243210792542,
        -0.24548354744911194,
        -0.5039398074150085,
        -0.8254898190498352,
        0.08846183866262436,
        -0.011838424950838089,
        0.30052733421325684,
        0.2121957689523697,
        0.010435137897729874
    ],
    "advmod": [
        -0.42088013887405396,
        -0.11672785133123398,
        -0.14742015302181244,
        -0.6388793587684631,
        -0.7106552124023438,
        0.08815836161375046,
        0.003176532918587327,
        0.3508176803588867,
        0.19479615986347198,
        0.06270378828048706
    ],
    "amod": [
        -0.4079228341579437,
        -0.10852096974849701,
        -0.188973069190979,
        -0.5317431688308716,
        -0.7100570201873779,
        0.06630471348762512,
        0.0842863917350769,
        0.4177945852279663,
        0.1924523264169693,
        0.09254126250743866
    ],
    "appos": [
        -0.3895827829837799,
        -0.15632477402687073,
        -0.1396498680114746,
        -0.5530228614807129,
        -0.6945925951004028,
        0.06758033484220505,
        0.09150278568267822,
        0.4308238625526428,
        0.1680784672498703,
        0.1021803766489029
    ],
    "aux": [
        -0.39327472448349,
        -0.1428733766078949,
        -0.20671552419662476,
        -0.5892688035964966,
        -0.7772528529167175,
        -0.0166175439953804,
        0.07477317005395889,
        0.3658704459667206,
        0.09299623221158981,
        0.05543890595436096
    ],
    "aux:pass": [
        -0.36392173171043396,
        0.009488076902925968,
        -0.1435575634241104,
        -0.6667525768280029,
        -0.7113764882087708,
        -0.015218458138406277,
        0.000884205277543515,
        0.4369107782840729,
        0.19322757422924042,
        0.1286916583776474
    ],
    "case": [
        -0.3807172477245331,
        -0.03719143569469452,
        -0.09135814756155014,
        -0.5719548463821411,
        -0.7509908080101013,
        0.10617240518331528,
        0.1163104996085167,
        0.34359559416770935,
        0.28920650482177734,
        -0.0025044665671885014
    ],
    "cc": [
        -0.3026910722255707,
        -0.08929568529129028,
        -0.17692705988883972,
        -0.4765324592590332,
        -0.7123172879219055,
        -0.13795273005962372,
        0.019244449213147163,
        0.5037205219268799,
        0.3092958927154541,
        0.2683136463165283
    ],
    "cc:preconj": [
        -0.372027188539505,
        -0.1311711072921753,
        -0.2225259691476822,
        -0.5166382193565369,
        -0.7164480686187744,
        0.02214553952217102,
        0.07929616421461105,
        0.4391930103302002,
        0.1906556785106659,
        0.15564686059951782
    ],
    "ccomp": [
        -0.3857545554637909,
        -0.23790757358074188,
        -0.197843536734581,
        -0.5727463960647583,
        -0.741858959197998,
        0.08912718296051025,
        -0.05744815990328789,
        0.3649807274341583,
        0.1514902263879776,
        0.023013554513454437
    ],
    "compound": [
        -0.4130500853061676,
        0.00230395863763988,
        -0.1738426834344864,
        -0.49415531754493713,
        -0.6690441966056824,
        -0.015781953930854797,
        0.08241278678178787,
        0.4931916892528534,
        0.22294679284095764,
        0.16491103172302246
    ],
    "compound:prt": [
        -0.25925520062446594,
        -0.04630344733595848,
        -0.07236836850643158,
        -0.32123997807502747,
        -0.4506593346595764,
        -0.024707859382033348,
        0.0623367540538311,
        0.2095322459936142,
        0.1413699984550476,
        0.027327921241521835
    ],
    "conj": [
        -0.40128791332244873,
        0.16313238441944122,
        -0.1402989774942398,
        -0.4367694556713104,
        -0.6134918928146362,
        -0.01802287995815277,
        0.21274252235889435,
        0.6248587369918823,
        0.2540999948978424,
        0.30364444851875305
    ],
    "cop": [
        -0.4475184381008148,
        -0.26513952016830444,
        -0.13156020641326904,
        -0.652868926525116,
        -0.7089537978172302,
        0.0191304013133049,
        -0.0807558223605156,
        0.33987942337989807,
        0.09900496900081635,
        0.00836011953651905
    ],
    "csubj": [
        -0.3202884793281555,
        -0.06276882439851761,
        -0.13240580260753632,
        -0.44207754731178284,
        -0.48833146691322327,
        0.031234638765454292,
        0.038847487419843674,
        0.3135984241962433,
        0.12423547357320786,
        0.06310497969388962
    ],
    "det": [
        -0.3815874457359314,
        -0.1834617257118225,
        -0.18944142758846283,
        -0.6435902714729309,
        -0.6456244587898254,
        0.0469377301633358,
        0.03170248121023178,
        0.3374136686325073,
        0.23089434206485748,
        0.03515239432454109
    ],
    "det:predet": [
        -0.20105935633182526,
        -0.10644986480474472,
        -0.1028430238366127,
        -0.28590676188468933,
        -0.40062540769577026,
        0.058558590710163116,
        -0.014078924432396889,
        0.23947970569133759,
        0.0888809859752655,
        0.004013538360595703
    ],
    "discourse": [
        -0.012895883060991764,
        -0.036595072597265244,
        -0.06449389457702637,
        -0.12074742466211319,
        -0.12948355078697205,
        -0.02601703442633152,
        0.005319264251738787,
        0.018791556358337402,
        0.07751738280057907,
        0.003946988377720118
    ],
    "expl": [
        -0.3400639295578003,
        -0.12401757389307022,
        -0.2071353644132614,
        -0.5265505909919739,
        -0.6913689970970154,
        0.014701449312269688,
        0.05352575331926346,
        0.36187875270843506,
        0.15970556437969208,
        0.0812530368566513
    ],
    "fixed": [
        -0.36282649636268616,
        -0.0886479914188385,
        -0.22489914298057556,
        -0.5267234444618225,
        -0.7149353623390198,
        -0.020757021382451057,
        0.07397304475307465,
        0.4867995083332062,
        0.2723897695541382,
        0.11023086309432983
    ],
    "flat": [
        -0.04651355743408203,
        -0.059413254261016846,
        0.000752848107367754,
        -0.11368142068386078,
        -0.15067754685878754,
        -0.028149276971817017,
        0.022607361897826195,
        0.09944023191928864,
        0.08600766956806183,
        0.021726330742239952
    ],
    "goeswith": [
        -0.02882968634366989,
        -0.011062181554734707,
        0.01006961241364479,
        -0.06967738270759583,
        -0.08829072117805481,
        0.031908947974443436,
        0.04104607552289963,
        0.03345588967204094,
        0.06509540975093842,
        -0.029820064082741737
    ],
    "iobj": [
        -0.109465591609478,
        -0.07732386887073517,
        -0.06795470416545868,
        -0.13922737538814545,
        -0.16507606208324432,
        -0.03404426574707031,
        -0.038149669766426086,
        0.11408741027116776,
        0.06815481185913086,
        -0.004462169483304024
    ],