{
    "$": [
        0.2481810748577118,
        0.137193500995636,
        -0.006792842410504818,
        -0.09698846936225891,
        0.29170480370521545,
        0.22301548719406128,
        -0.1978542059659958,
        -0.004601098597049713,
        0.07179542630910873,
        0.062184497714042664
    ],
    "''": [
        0.5428328514099121,
        0.2095036655664444,
        0.04539322853088379,
        -0.28481000661849976,
        0.6129940152168274,
        0.5421826839447021,
        -0.5508347153663635,
        -0.06530825793743134,
        0.21610955893993378,
        0.026901202276349068
    ],
    ",": [
        0.3965124785900116,
        0.33706218004226685,
        0.014762704260647297,
        -0.19546492397785187,
        0.5237526297569275,
        0.40633416175842285,
        -0.5079987645149231,
        -0.13553953170776367,
        0.20894719660282135,
        0.03184254467487335
    ],
    "-LRB-": [
        0.224424809217453,
        0.07607363909482956,
        -0.0007529782596975565,
        -0.1087510883808136,
        0.22686544060707092,
        0.2002294957637787,
        -0.16060113906860352,
        -0.034554775804281235,
        0.0512494258582592,
        -0.01678064838051796
    ],
    "-RRB-": [
        0.42683282494544983,
        0.2261592149734497,
        0.03671039268374443,
        -0.17854368686676025,
        0.43580162525177,
        0.4112848937511444,
        -0.4054904878139496,
        -0.08713901042938232,
        0.2032531052827835,
        0.0022070135455578566
    ],
    ".": [
        0.4280133843421936,
        0.23827524483203888,
        -0.04521395266056061,
        -0.18047668039798737,
        0.5615991950035095,
        0.4166346788406372,
        -0.468375563621521,
        -0.11008792370557785,
        0.24395856261253357,
        0.0197016391903162
    ],
    ":": [
        0.42671793699264526,
        0.27810803055763245,
        -0.017629094421863556,
        -0.24839268624782562,
        0.5740820169448853,
        0.38982051610946655,
        -0.5195571184158325,
        -0.15510812401771545,
        0.18679778277873993,
        -0.04268042743206024
    ],
    "ADD": [
        0.4430307149887085,
        0.28155407309532166,
        0.00038601961568929255,
        -0.24216462671756744,
        0.5569537878036499,
        0.4187360107898712,
        -0.4867963492870331,
        -0.07390131801366806,
        0.17898698151111603,
        0.08125785738229752
    ],
    "AFX": [
        0.4150411784648895,
        0.21537736058235168,
        0.024174652993679047,
        -0.16901536285877228,
        0.47531822323799133,
        0.39741766452789307,
        -0.4831730127334595,
        -0.04211246594786644,
        0.15856173634529114,
        0.023382803425192833
    ],
    "CC": [
        0.3880029618740082,
        0.2603820860385895,
        -0.03928618133068085,
        -0.1853531002998352,
        0.5587189793586731,
        0.398769736289978,
        -0.5566770434379578,
        -0.13142941892147064,
        0.22905908524990082,
        -0.02151247300207615
    ],
    "CD": [
        0.3919154107570648,
        0.20045064389705658,
        -0.046433575451374054,
        -0.2681754231452942,
        0.5474850535392761,
        0.5715886354446411,
        -0.5046787858009338,
        -0.00021323072724044323,
        0.1919691413640976,
        0.07825084030628204
    ],
    "DT": [
        0.4307954013347626,
        0.2819640338420868,
        0.11387849599123001,
        -0.26286667585372925,
        0.497308611869812,
        0.43511343002319336,
        -0.538490891456604,
        -0.12475835531949997,
        0.1533716768026352,
        0.04417187720537186
    ],
    "EX": [
        0.36155062913894653,
        0.1678294688463211,
        0.062377236783504486,
        -0.22584544122219086,
        0.49325212836265564,
        0.37077444791793823,
        -0.4347657561302185,
        -0.024299079552292824,
        0.15260383486747742,
        0.08796531707048416
    ],
    "FW": [
        0.31667354702949524,
        0.21051405370235443,
        -0.01740599051117897,
        -0.22043323516845703,
        0.46552449464797974,
        0.35472917556762695,
        -0.3434421718120575,
        -0.06851644068956375,
        0.10539885610342026,
        0.003027647268027067
    ],
    "HYPH": [
        0.4564928114414215,
        0.2146541327238083,
        -0.011925865896046162,
        -0.15861596167087555,
        0.5308314561843872,
        0.40887418389320374,
        -0.5366150140762329,
        -0.09512587636709213,
        0.24261029064655304,
        -0.032374847680330276
    ],
    "IN": [
        0.45295649766921997,
        0.2851795256137848,
        -0.07414664328098297,
        -0.173783078789711,
        0.49841931462287903,
        0.47762033343315125,
        -0.5110291242599487,
        -0.15829689800739288,
        0.15083548426628113,
        -0.011740767396986485
    ],
    "JJ": [
        0.4603205621242523,
        0.29087117314338684,
        0.06913874298334122,
        -0.27735957503318787,
        0.5400741696357727,
        0.4614146649837494,
        -0.5097780823707581,
        0.018485745415091515,
        0.2047976702451706,
        0.02958594635128975
    ],
    "JJR": [
        0.4449022114276886,
        0.21837973594665527,
        0.032087504863739014,
        -0.18817870318889618,
        0.5675363540649414,
        0.47024697065353394,
        -0.46873900294303894,
        -0.09392842650413513,
        0.18124623596668243,
        0.09633181989192963
    ],
    "JJS": [
        0.4159528613090515,
        0.2669374644756317,
        0.012735176831483841,
        -0.2223246544599533,
        0.5384175777435303,
        0.5035343170166016,
        -0.43602824211120605,
        -0.09441099315881729,
        0.1979435533285141,
        0.06091434136033058
    ],
    "LS": [
        0.09159094095230103,
        0.025868088006973267,
        -0.03537583723664284,
        -0.08968368917703629,
        0.15473413467407227,
        0.09581732749938965,
        -0.11702484637498856,
        0.020810836926102638,
        0.04141441360116005,
        0.027826521545648575
    ],
    "MD": [
        0.6310902237892151,
        0.17259085178375244,
        0.032267238944768906,
        -0.3204156756401062,
        0.6176750063896179,
        0.2719513177871704,
        -0.38001132011413574,
        -0.11902075260877609,
        0.2394946962594986,
        0.09879028797149658
    ],
    "NFP": [
        0.26131999492645264,
        0.08902530372142792,
        0.019276034086942673,
        -0.13155774772167206,
        0.2708739638328552,
        0.19755488634109497,
        -0.2616821825504303,
        -0.07027224451303482,
        0.11930212378501892,
        0.07432231307029724
    ],
    "NN": [
        0.38291236758232117,
        0.24450410902500153,
        0.05080082267522812,
        -0.2964406907558441,
        0.5152011513710022,
        0.498616486787796,
        -0.47300031781196594,
        0.05165800452232361,
        0.18721266090869904,
        0.11451809108257294
    ],
    "NNP": [
        0.411306768655777,
        0.28722894191741943,
        0.0782017931342125,
        -0.299588680267334,
        0.5816720128059387,
        0.4535333514213562,
        -0.4420112073421478,
        -0.08886516839265823,
        0.14044538140296936,
        0.029698951169848442
    ],
    "NNPS": [
        0.11159702390432358,
        -0.004772636573761702,
        0.006460137665271759,
        -0.03347920998930931,
        0.06584164500236511,
        0.06810984760522842,
        -0.09855921566486359,
        -0.002390599576756358,
        0.013202684000134468,
        0.047303006052970886
    ],